SAMPLEID,PHASE,MUTID,r,R,CNn,CNt,LOH,DISRUPTIVE,PURITY
CH1001,CLL,chr1:1737942:A:G,36.0,107,2,2,False,True,0.8
CH1001,CLL,chr1:100357180:G:T,38.0,123,2,2,False,True,0.8
CH1001,CLL,chr1:111957592:A:G,10.0,60,2,2,False,True,0.8
CH1001,CLL,chr2:10098984:A:T,46.0,93,2,2,False,True,0.8
CH1001,CLL,chr2:37302699:G:A,13.0,113,2,2,False,True,0.8
CH1001,CLL,chr2:179427177:T:G,47.0,123,2,2,False,True,0.8
CH1001,CLL,chr3:195515387:T:C,12.0,100,2,2,False,True,0.8
CH1001,CLL,chr4:69341984:G:A,35.0,97,2,2,False,True,0.8
CH1001,CLL,chr4:126370684:C:T,51.0,97,2,2,False,True,0.8
CH1001,CLL,chr5:5444440:G:A,44.0,124,2,2,False,True,0.8
CH1001,CLL,chr5:137906763:C:A,14.0,124,2,2,False,True,0.8
CH1001,CLL,chr5:140237313:C:T,64.0,141,2,2,False,True,0.8
CH1001,CLL,chr9:96000526:G:A,42.0,108,2,2,False,True,0.8
CH1001,CLL,chr10:38121337:G:T,45.0,107,2,2,False,True,0.8
CH1001,CLL,chr10:49383977:G:A,36.0,111,2,2,False,True,0.8
CH1001,CLL,chr10:97096270:A:T,49.0,130,2,2,False,True,0.8
CH1001,CLL,chr12:51503004:C:T,39.0,112,2,2,False,True,0.8
CH1001,CLL,chr12:51512409:T:C,47.0,101,2,2,False,True,0.8
CH1001,CLL,chr14:23856849:G:A,49.0,107,2,2,False,True,0.8
CH1001,CLL,chr15:55964780:G:A,46.0,108,2,2,False,True,0.8
CH1001,CLL,chr15:75692451:G:A,45.0,121,2,2,False,True,0.8
CH1001,CLL,chr17:7533555:G:A,56.0,128,2,2,False,True,0.8
CH1001,CLL,chr17:27958122:T:G,58.0,138,2,2,False,True,0.8
CH1001,CLL,chr19:1434885:C:T,88.0,103,2,3,False,True,0.8
CH1001,CLL,chr19:14877845:C:G,34.0,40,2,3,False,True,0.8
CH1001,CLL,chr19:14877848:G:A,34.0,39,2,3,False,True,0.8
CH1001,CLL,chr19:22154623:T:G,14.0,114,2,2,False,True,0.8
CH1001,CLL,chr19:45975928:C:T,60.0,125,2,2,False,True,0.8
CH1001,CLL,chr20:60887681:T:C,35.0,119,2,2,False,True,0.8
CH1001,CLL,chr9:139390648:CAG:C,56.0,129,2,2,False,True,0.8
CH1001,CLL,chr9:17799219:C:A,37.0,110,2,2,False,,0.8
CH1001,CLL,chr19:36319352:G:A,52.0,110,2,2,False,,0.8
CH1001,CLL,chr2:79634631:C:A,39.0,90,2,2,False,,0.8
CH1001,CLL,chr3:146847247:C:T,42.0,136,2,2,False,,0.8
CH1001,CLL,chr12:109457452:T:A,55.0,128,2,2,False,,0.8
CH1001,CLL,chr8:4892861:C:G,33.0,90,2,2,False,,0.8
CH1001,CLL,chr20:18907173:G:A,29.0,122,2,2,False,,0.8
CH1001,CLL,chr12:60954015:C:T,11.0,91,2,2,False,,0.8
CH1001,CLL,chr13:80694507:A:G,27.0,102,2,2,False,,0.8
CH1001,CLL,chr2:59912215:T:G,52.0,109,2,2,False,,0.8
CH1001,CLL,chr1:244486781:G:A,39.0,96,2,2,False,,0.8
CH1001,CLL,chr2:148443457:T:C,35.0,107,2,2,False,,0.8
CH1001,CLL,chr5:135884751:G:C,30.0,91,2,2,False,,0.8
CH1001,CLL,chr9:69471742:G:A,12.0,52,2,2,False,,0.8
CH1001,CLL,chr3:102330732:C:T,59.0,119,2,2,False,,0.8
CH1001,CLL,chr10:65877824:T:C,43.0,121,2,2,False,,0.8
CH1001,CLL,chr1:239772703:A:T,47.0,111,2,2,False,,0.8
CH1001,CLL,chr6:106285235:C:T,52.0,119,2,2,False,,0.8
CH1001,CLL,chr11:73656551:G:A,40.0,93,2,2,False,,0.8
CH1001,CLL,chr4:179384179:T:G,53.0,110,2,2,False,,0.8
CH1001,CLL,chr1:182772026:G:A,44.0,92,2,2,False,,0.8
CH1001,CLL,chr7:87788600:G:A,41.0,98,2,2,False,,0.8
CH1001,CLL,chr6:67631253:C:T,33.0,104,2,2,False,,0.8
CH1001,CLL,chr7:81207278:C:G,56.0,119,2,2,False,,0.8
CH1001,CLL,chr6:9736170:G:T,49.0,112,2,2,False,,0.8
CH1001,CLL,chr12:24755137:T:G,8.0,64,2,2,False,,0.8
CH1001,CLL,chr10:133490011:C:T,42.0,115,2,2,False,,0.8
CH1001,CLL,chr3:80601328:A:T,43.0,122,2,2,False,,0.8
CH1001,CLL,chr18:60942575:T:C,40.0,119,2,2,False,,0.8
CH1001,CLL,chr1:164373831:GC:G,41.0,99,2,2,False,,0.8
CH1001,CLL,chr10:24434438:G:A,48.0,125,2,2,False,,0.8
CH1001,CLL,chr12:40766931:G:A,46.0,124,2,2,False,,0.8
CH1001,CLL,chr5:147424690:C:T,42.0,113,2,2,False,,0.8
CH1001,CLL,chr17:10624921:C:A,8.0,55,2,2,False,,0.8
CH1001,CLL,chr12:99331119:G:A,33.0,105,2,2,False,,0.8
CH1001,CLL,chr10:110875080:C:T,42.0,106,2,2,False,,0.8
CH1001,CLL,chr4:116433333:TTTG:T,35.0,111,2,2,False,,0.8
CH1001,CLL,chr5:1623330:T:C,11.0,110,2,2,False,,0.8
CH1001,CLL,chr17:71008680:C:T,10.0,84,2,2,False,,0.8
CH1001,CLL,chr6:160994766:C:A,45.0,126,2,2,False,,0.8
CH1001,CLL,chr3:76001741:A:T,37.0,92,2,2,False,,0.8
CH1001,CLL,chr4:32810769:A:T,39.0,121,2,2,False,,0.8
CH1001,CLL,chr1:105718737:G:A,42.0,115,2,2,False,,0.8
CH1001,CLL,chr2:192911167:C:T,44.0,102,2,2,False,,0.8
CH1001,CLL,chr8:108582030:C:T,37.0,93,2,2,False,,0.8
CH1001,CLL,chr13:40822778:G:A,54.0,127,2,2,False,,0.8
CH1001,CLL,chr1:7047471:C:T,30.0,78,2,2,False,,0.8
CH1001,CLL,chr1:99646925:A:T,38.0,115,2,2,False,,0.8
CH1001,CLL,chr1:121130408:A:T,7.0,39,2,2,False,,0.8
CH1001,CLL,chr13:107302946:T:C,35.0,91,2,2,False,,0.8
CH1001,CLL,chr12:87810494:G:C,49.0,106,2,2,False,,0.8
CH1001,CLL,chr17:21340794:T:C,21.0,172,2,2,False,,0.8
CH1001,CLL,chr14:29000526:T:TA,35.0,114,2,2,False,,0.8
CH1001,CLL,chr13:89529861:T:A,39.0,107,2,2,False,,0.8
CH1001,CLL,chr8:70887542:A:G,45.0,103,2,2,False,,0.8
CH1001,CLL,chr10:126023354:A:G,48.0,115,2,2,False,,0.8
CH1001,CLL,chr5:71674622:G:A,44.0,111,2,2,False,,0.8
CH1001,CLL,chr16:73139333:C:T,14.0,63,2,2,False,,0.8
CH1001,CLL,chr5:24809251:A:G,39.0,102,2,2,False,,0.8
CH1001,CLL,chr17:70877717:C:T,53.0,131,2,2,False,,0.8
CH1001,CLL,chr19:21074875:G:T,58.0,133,2,2,False,,0.8
CH1001,CLL,chr10:69346460:C:A,45.0,113,2,2,False,,0.8
CH1001,CLL,chr1:144617401:A:T,12.0,120,2,2,False,,0.8
CH1001,CLL,chr7:61898549:G:C,36.0,192,2,2,False,,0.8
CH1001,CLL,chr1:66477076:A:G,42.0,123,2,2,False,,0.8
CH1001,CLL,chr21:28185034:AAAT:A,49.0,134,2,2,False,,0.8
CH1001,CLL,chr16:80142147:T:G,52.0,118,2,2,False,,0.8
CH1001,CLL,chr17:44570622:C:G,12.0,98,2,2,False,,0.8
CH1001,CLL,chr14:28204902:C:A,12.999999999999998,90,2,2,False,,0.8
CH1001,CLL,chr9:89638811:A:G,39.0,89,2,2,False,,0.8
CH1001,CLL,chr1:245649988:T:G,32.0,97,2,2,False,,0.8
CH1001,CLL,chr15:36992607:A:G,43.0,112,2,2,False,,0.8
CH1001,CLL,chr18:23236710:TAGC:T,47.0,114,2,2,False,,0.8
CH1001,CLL,chr2:15983467:G:A,50.0,129,2,2,False,,0.8
CH1001,CLL,chr21:21094111:A:T,50.0,112,2,2,False,,0.8
CH1001,CLL,chr11:119952289:T:C,11.0,55,2,2,False,,0.8
CH1001,CLL,chr13:56085124:T:G,47.0,109,2,2,False,,0.8
CH1001,CLL,chr4:73728948:C:A,45.0,104,2,2,False,,0.8
CH1001,CLL,chr2:52780071:C:T,37.0,102,2,2,False,,0.8
CH1001,CLL,chr2:190034723:G:A,51.0,124,2,2,False,,0.8
CH1001,CLL,chr7:49136910:C:T,35.0,111,2,2,False,,0.8
CH1001,CLL,chr7:40668602:A:T,46.0,114,2,2,False,,0.8
CH1001,CLL,chr10:64157840:C:T,48.0,126,2,2,False,,0.8
CH1001,CLL,chr18:64452866:C:T,38.0,113,2,2,False,,0.8
CH1001,CLL,chr6:160965950:A:T,56.0,119,2,2,False,,0.8
CH1001,CLL,chr2:111660821:G:A,38.0,122,2,2,False,,0.8
CH1001,CLL,chr7:56860942:C:T,15.0,129,2,2,False,,0.8
CH1001,CLL,chr2:52595156:A:T,36.0,112,2,2,False,,0.8
CH1001,CLL,chr2:50624261:G:T,36.0,126,2,2,False,,0.8
CH1001,CLL,chr11:1601375:CA:C,43.0,125,2,2,False,,0.8
CH1001,CLL,chr4:190606522:C:T,16.0,146,2,2,False,,0.8
CH1001,CLL,chr2:69475326:T:C,36.0,92,2,2,False,,0.8
CH1001,CLL,chr13:56199859:G:A,43.0,96,2,2,False,,0.8
CH1001,CLL,chr4:180624946:G:T,48.0,103,2,2,False,,0.8
CH1001,CLL,chr12:25630248:C:T,46.0,120,2,2,False,,0.8
CH1001,CLL,chr13:33710257:C:A,8.0,77,2,2,False,,0.8
CH1001,CLL,chr9:74933192:T:A,44.0,92,2,2,False,,0.8
CH1001,CLL,chr8:125142344:T:G,54.0,125,2,2,False,,0.8
CH1001,CLL,chr8:102427112:C:T,37.0,106,2,2,False,,0.8
CH1001,CLL,chr13:61834690:T:G,9.0,77,2,2,False,,0.8
CH1001,CLL,chr2:168570207:C:T,55.0,118,2,2,False,,0.8
CH1001,CLL,chr14:33974964:C:T,35.0,97,2,2,False,,0.8
CH1001,CLL,chr18:12562645:C:T,28.0,84,2,2,False,,0.8
CH1001,CLL,chr2:185151910:T:A,33.0,117,2,2,False,,0.8
CH1001,CLL,chr2:4642128:C:T,38.0,100,2,2,False,,0.8
CH1001,CLL,chr8:86207608:A:G,45.0,107,2,2,False,,0.8
CH1001,CLL,chr4:21285423:T:C,44.0,92,2,2,False,,0.8
CH1001,CLL,chr9:121825809:C:T,36.0,89,2,2,False,,0.8
CH1001,CLL,chr8:79018486:G:T,46.0,120,2,2,False,,0.8
CH1001,CLL,chr16:47834817:C:T,45.0,109,2,2,False,,0.8
CH1001,CLL,chr15:93850643:G:T,11.0,75,2,2,False,,0.8
CH1001,CLL,chr3:162760031:T:C,58.0,122,2,2,False,,0.8
CH1001,CLL,chr5:25834255:C:T,22.0,62,2,2,False,,0.8
CH1001,CLL,chr17:38394158:A:C,8.0,62,2,2,False,,0.8
CH1001,CLL,chr18:30277822:T:C,61.0,129,2,2,False,,0.8
CH1001,CLL,chr19:1326042:C:T,15.0,76,2,3,False,,0.8
CH1001,CLL,chr7:121162564:C:T,11.0,66,2,2,False,,0.8
CH1001,CLL,chr5:4452022:C:T,51.0,135,2,2,False,,0.8
CH1001,CLL,chr12:25327402:A:G,7.0,44,2,2,False,,0.8
CH1001,CLL,chr18:35456716:T:A,48.0,109,2,2,False,,0.8
CH1001,CLL,chr2:116545338:G:A,56.0,130,2,2,False,,0.8
CH1001,CLL,chr21:24346941:A:G,54.0,117,2,2,False,,0.8
CH1001,CLL,chr4:129006783:G:A,38.0,90,2,2,False,,0.8
CH1001,CLL,chr3:163363852:G:A,49.0,127,2,2,False,,0.8
CH1001,CLL,chr1:73082154:G:A,57.0,123,2,2,False,,0.8
CH1001,CLL,chr9:2283800:A:G,43.0,99,2,2,False,,0.8
CH1001,CLL,chr7:124105934:G:A,10.0,36,2,2,False,,0.8
CH1001,CLL,chr2:22326240:G:T,46.0,101,2,2,False,,0.8
CH1001,CLL,chr6:127549456:AGAC:A,43.0,128,2,2,False,,0.8
CH1001,CLL,chr8:65022730:T:C,41.0,113,2,2,False,,0.8
CH1001,CLL,chr9:11630889:G:A,45.0,102,2,2,False,,0.8
CH1001,CLL,chr15:88188395:CCTCT:C,44.0,127,2,2,False,,0.8
CH1001,CLL,chr10:16745903:G:A,44.0,129,2,2,False,,0.8
CH1001,CLL,chr3:153052375:A:C,40.0,116,2,2,False,,0.8
CH1001,CLL,chr21:21493079:C:T,40.0,100,2,2,False,,0.8
CH1001,CLL,chr6:46985528:G:A,32.0,112,2,2,False,,0.8
CH1001,CLL,chr16:86750026:C:A,42.0,97,2,2,False,,0.8
CH1001,CLL,chr17:52022592:T:C,38.0,96,2,2,False,,0.8
CH1001,CLL,chr11:74869010:A:G,41.0,104,2,2,False,,0.8
CH1001,CLL,chr13:61441227:T:C,42.0,117,2,2,False,,0.8
CH1001,CLL,chr2:154067656:T:G,45.0,92,2,2,False,,0.8
CH1001,CLL,chr2:14024355:T:A,56.0,132,2,2,False,,0.8
CH1001,CLL,chr9:109341587:C:T,47.0,117,2,2,False,,0.8
CH1001,CLL,chr16:86244990:C:G,54.0,126,2,2,False,,0.8
CH1001,CLL,chr9:101967987:C:G,42.0,97,2,2,False,,0.8
CH1001,CLL,chr15:88625508:C:A,9.0,79,2,2,False,,0.8
CH1001,CLL,chr2:205681255:A:C,38.0,103,2,2,False,,0.8
CH1001,CLL,chr11:24817570:T:A,49.0,129,2,2,False,,0.8
CH1001,CLL,chr4:69867268:A:G,10.0,51,2,2,False,,0.8
CH1001,CLL,chr7:16311084:G:A,42.0,89,2,2,False,,0.8
CH1001,CLL,chr20:53495345:A:G,29.0,88,2,2,False,,0.8
CH1001,CLL,chr4:136894508:A:C,43.0,109,2,2,False,,0.8
CH1001,CLL,chr4:167267565:A:G,8.0,72,2,2,False,,0.8
CH1001,CLL,chr18:42014809:T:A,42.0,90,2,2,False,,0.8
CH1001,CLL,chr8:64861870:T:G,51.0,116,2,2,False,,0.8
CH1001,CLL,chr4:22769216:C:T,55.0,114,2,2,False,,0.8
CH1001,CLL,chr3:130533080:A:C,38.0,97,2,2,False,,0.8
CH1001,CLL,chr3:185184953:A:C,31.0,98,2,2,False,,0.8
CH1001,CLL,chr2:3720195:T:C,16.0,94,2,2,False,,0.8
CH1001,CLL,chr13:91755327:G:A,46.0,128,2,2,False,,0.8
CH1001,CLL,chr4:23595695:C:A,40.0,109,2,2,False,,0.8
CH1001,CLL,chr13:73455682:C:T,26.0,72,2,2,False,,0.8
CH1001,CLL,chr13:101869190:C:A,45.0,101,2,2,False,,0.8
CH1001,CLL,chr18:76615533:A:G,13.0,109,2,2,False,,0.8
CH1001,CLL,chr14:72500587:G:A,49.0,111,2,2,False,,0.8
CH1001,CLL,chr17:46137576:T:G,14.0,85,2,2,False,,0.8
CH1001,CLL,chr3:166109312:G:A,46.0,118,2,2,False,,0.8
CH1001,CLL,chr18:7387608:AATT:A,53.0,120,2,2,False,,0.8
CH1001,CLL,chr2:168975131:A:C,8.0,58,2,2,False,,0.8
CH1001,CLL,chr4:157687456:G:A,40.0,97,2,2,False,,0.8
CH1001,CLL,chr4:165458694:C:A,47.0,133,2,2,False,,0.8
CH1001,CLL,chr4:135402373:G:T,48.0,119,2,2,False,,0.8
CH1001,CLL,chr18:58969742:C:T,51.0,133,2,2,False,,0.8
CH1001,CLL,chr6:147872256:G:A,46.0,112,2,2,False,,0.8
CH1001,CLL,chr3:44930794:C:T,58.00000000000001,108,2,2,False,,0.8
CH1001,CLL,chr8:3326774:C:G,45.0,128,2,2,False,,0.8
CH1001,CLL,chr13:31567290:C:T,53.0,116,2,2,False,,0.8
CH1001,CLL,chr4:70267660:C:T,37.0,85,2,2,False,,0.8
CH1001,CLL,chr15:46865614:C:T,43.0,121,2,2,False,,0.8
CH1001,CLL,chr1:86958053:T:C,50.0,122,2,2,False,,0.8
CH1001,CLL,chr2:167147779:C:T,28.0,103,2,2,False,,0.8
CH1001,CLL,chr5:71924580:C:T,39.0,121,2,2,False,,0.8
CH1001,CLL,chr6:1927435:T:G,8.0,70,2,2,False,,0.8
CH1001,CLL,chr13:62508175:C:A,44.0,108,2,2,False,,0.8
CH1001,CLL,chr3:23599816:G:T,39.0,115,2,2,False,,0.8
CH1001,CLL,chr10:8042068:C:A,56.0,126,2,2,False,,0.8
CH1001,CLL,chr13:85448368:A:G,48.0,112,2,2,False,,0.8
CH1001,CLL,chr1:196790327:T:C,11.0,108,2,2,False,,0.8
CH1001,CLL,chr10:20439671:T:A,39.0,108,2,2,False,,0.8
CH1001,CLL,chr4:63043055:C:A,43.0,102,2,2,False,,0.8
CH1001,CLL,chr7:15376324:C:T,39.0,120,2,2,False,,0.8
CH1001,CLL,chr6:108588213:A:T,32.0,79,2,2,False,,0.8
CH1001,CLL,chr2:197939224:C:T,65.0,127,2,2,False,,0.8
CH1001,CLL,chr10:95831573:C:T,42.0,86,2,2,False,,0.8
CH1001,CLL,chr10:10219642:T:A,43.0,83,2,2,False,,0.8
CH1001,CLL,chr11:90752214:T:A,38.0,97,2,2,False,,0.8
CH1001,CLL,chr17:51411149:T:A,43.0,105,2,2,False,,0.8
CH1001,CLL,chr18:53179077:G:C,42.0,118,2,2,False,,0.8
CH1001,CLL,chr2:116095155:G:T,36.0,92,2,2,False,,0.8
CH1001,CLL,chr5:24272728:G:T,33.0,93,2,2,False,,0.8
CH1001,CLL,chr16:49614717:G:A,33.0,108,2,2,False,,0.8
CH1001,CLL,chr8:129455803:T:C,40.0,111,2,2,False,,0.8
CH1001,CLL,chr3:111800050:C:T,21.0,74,2,2,False,,0.8
CH1001,CLL,chr3:159576521:C:A,51.0,110,2,2,False,,0.8
CH1001,CLL,chr6:154430937:G:C,11.0,93,2,2,False,,0.8
CH1001,CLL,chr3:133468413:G:A,45.0,97,2,2,False,,0.8
CH1001,CLL,chr22:17381489:G:A,13.0,128,2,2,False,,0.8
CH1001,CLL,chr1:72516180:A:C,42.0,112,2,2,False,,0.8
CH1001,CLL,chr11:106322735:G:T,10.0,53,2,2,False,,0.8
CH1001,CLL,chr12:52027325:C:G,45.0,112,2,2,False,,0.8
CH1001,CLL,chr9:27304582:AG:A,48.0,130,2,2,False,,0.8
CH1001,CLL,chr16:48616216:G:A,28.0,106,2,2,False,,0.8
CH1001,CLL,chr13:20059096:G:A,45.0,117,2,2,False,,0.8
CH1001,CLL,chr15:65626877:G:C,46.0,107,2,2,False,,0.8
CH1001,CLL,chr1:4441689:G:T,47.0,119,2,2,False,,0.8
CH1001,CLL,chr1:188535883:T:C,36.0,112,2,2,False,,0.8
CH1001,CLL,chr1:189225074:G:A,53.0,124,2,2,False,,0.8
CH1001,CLL,chr12:105441444:T:A,45.0,108,2,2,False,,0.8
CH1001,CLL,chr6:10392609:C:G,36.0,96,2,2,False,,0.8
CH1001,CLL,chr10:48411229:C:T,24.0,77,2,2,False,,0.8
CH1001,CLL,chr13:70817940:T:C,46.0,107,2,2,False,,0.8
CH1001,CLL,chr9:68343368:G:T,20.0,184,2,2,False,,0.8
CH1001,CLL,chr2:152927465:GA:G,30.0,106,2,2,False,,0.8
CH1001,CLL,chr11:105751967:G:T,50.0,120,2,2,False,,0.8
CH1001,CLL,chr1:219786284:T:C,11.0,70,2,2,False,,0.8
CH1001,CLL,chr3:149995607:G:A,40.0,105,2,2,False,,0.8
CH1001,CLL,chr20:16898453:G:A,52.0,113,2,2,False,,0.8
CH1001,CLL,chr4:64487281:A:T,38.0,96,2,2,False,,0.8
CH1001,CLL,chr12:128336150:G:A,50.0,115,2,2,False,,0.8
CH1001,CLL,chr4:132034190:G:A,60.0,133,2,2,False,,0.8
CH1001,CLL,chr9:67779481:C:A,13.0,74,2,2,False,,0.8
CH1001,CLL,chr21:35564796:G:A,42.0,104,2,2,False,,0.8
CH1001,CLL,chr9:26101168:T:G,33.0,72,2,2,False,,0.8
CH1001,CLL,chr2:14024416:T:C,54.0,109,2,2,False,,0.8
CH1001,CLL,chr19:33509435:G:T,57.0,119,2,2,False,,0.8
CH1001,CLL,chr6:131146678:A:T,55.0,122,2,2,False,,0.8
CH1001,CLL,chr12:17945530:G:C,39.0,101,2,2,False,,0.8
CH1001,CLL,chr17:34039270:C:T,36.0,87,2,2,False,,0.8
CH1001,CLL,chr5:132968544:A:T,33.0,96,2,2,False,,0.8
CH1001,CLL,chr15:88005280:T:C,42.0,108,2,2,False,,0.8
CH1001,CLL,chr6:115611599:C:T,54.0,123,2,2,False,,0.8
CH1001,CLL,chr18:69814102:A:T,32.0,88,2,2,False,,0.8
CH1001,CLL,chr15:61114915:C:T,41.0,124,2,2,False,,0.8
CH1001,CLL,chr8:33119316:A:T,11.0,67,2,2,False,,0.8
CH1001,CLL,chr12:40782451:G:A,40.0,98,2,2,False,,0.8
CH1001,CLL,chr14:106826934:T:A,52.0,69,2,2,False,,0.8
CH1001,CLL,chr3:164608218:G:T,32.0,96,2,2,False,,0.8
CH1001,CLL,chr12:16553055:G:A,50.0,122,2,2,False,,0.8
CH1001,CLL,chr7:42224170:G:A,46.0,111,2,2,False,,0.8
CH1001,CLL,chr7:99173676:C:T,52.0,128,2,2,False,,0.8
CH1001,CLL,chr10:79536403:G:A,21.0,112,2,2,False,,0.8
CH1001,CLL,chr10:108262841:T:A,43.0,86,2,2,False,,0.8
CH1001,CLL,chr9:33762328:G:A,44.0,120,2,2,False,,0.8
CH1001,CLL,chr5:37533161:A:G,52.0,116,2,2,False,,0.8
CH1001,CLL,chr8:13653459:T:C,43.0,129,2,2,False,,0.8
CH1001,CLL,chr2:150639296:C:T,44.0,104,2,2,False,,0.8
CH1001,CLL,chr6:104219591:T:G,10.0,98,2,2,False,,0.8
CH1001,CLL,chr2:151927349:T:C,16.0,112,2,2,False,,0.8
CH1001,CLL,chr14:23064292:A:G,51.0,123,2,2,False,,0.8
CH1001,CLL,chr3:42329266:G:A,41.0,113,2,2,False,,0.8
CH1001,CLL,chr4:127547386:A:C,54.99999999999999,107,2,2,False,,0.8
CH1001,CLL,chr4:149144200:G:T,44.0,110,2,2,False,,0.8
CH1001,CLL,chr8:8741591:C:A,8.0,76,2,2,False,,0.8
CH1001,CLL,chr8:111246538:C:T,45.0,119,2,2,False,,0.8
CH1001,CLL,chr7:94519097:G:A,39.0,103,2,2,False,,0.8
CH1001,CLL,chr4:133500060:A:C,35.0,94,2,2,False,,0.8
CH1001,CLL,chr9:135684541:G:A,44.0,130,2,2,False,,0.8
CH1001,CLL,chr5:132131401:G:A,56.0,120,2,2,False,,0.8
CH1001,CLL,chr5:39095233:G:A,59.0,126,2,2,False,,0.8
CH1001,CLL,chr12:18409638:A:T,42.0,121,2,2,False,,0.8
CH1001,CLL,chr22:28206572:C:T,42.0,110,2,2,False,,0.8
CH1001,CLL,chr11:105217070:G:T,50.0,124,2,2,False,,0.8
CH1001,CLL,chr9:85347275:G:A,48.0,109,2,2,False,,0.8
CH1001,CLL,chr5:165562600:C:T,39.0,110,2,2,False,,0.8
CH1001,CLL,chr8:138787354:T:C,42.0,111,2,2,False,,0.8
CH1001,CLL,chr2:223298969:G:A,49.0,121,2,2,False,,0.8
CH1001,CLL,chr4:17251058:A:G,40.0,105,2,2,False,,0.8
CH1001,CLL,chr2:19904154:A:T,8.0,79,2,2,False,,0.8
CH1001,CLL,chr8:113115947:C:T,43.0,104,2,2,False,,0.8
CH1001,CLL,chr20:21143507:G:A,44.0,93,2,2,False,,0.8
CH1001,CLL,chr2:67714813:G:A,40.0,101,2,2,False,,0.8
CH1001,CLL,chr2:18507621:G:C,43.0,107,2,2,False,,0.8
CH1001,CLL,chr11:82587968:T:C,46.0,112,2,2,False,,0.8
CH1001,CLL,chr14:106380924:A:T,5.0,23,2,2,False,,0.8
CH1001,CLL,chr1:200963399:C:T,42.0,110,2,2,False,,0.8
CH1001,CLL,chr12:93623047:A:C,13.0,115,2,2,False,,0.8
CH1001,CLL,chr5:28262901:G:T,45.0,123,2,2,False,,0.8
CH1001,CLL,chr3:78295685:C:A,46.0,117,2,2,False,,0.8
CH1001,CLL,chr10:115463425:T:A,15.0,43,2,2,False,,0.8
CH1001,CLL,chr13:54206972:T:C,35.0,99,2,2,False,,0.8
CH1001,CLL,chr12:10861735:C:CT,44.0,107,2,2,False,,0.8
CH1001,CLL,chr8:15052996:T:G,33.0,113,2,2,False,,0.8
CH1001,CLL,chr19:42399125:G:A,31.0,100,2,2,False,,0.8
CH1001,CLL,chr3:76127667:C:A,38.0,99,2,2,False,,0.8
CH1001,CLL,chr2:130988166:A:G,17.0,116,2,2,False,,0.8
CH1001,CLL,chr4:100282800:T:C,41.0,116,2,2,False,,0.8
CH1001,CLL,chr5:171242879:T:C,44.0,111,2,2,False,,0.8
CH1001,CLL,chr5:106312773:G:A,33.0,108,2,2,False,,0.8
CH1001,CLL,chr16:52296287:T:G,55.99999999999999,110,2,2,False,,0.8
CH1001,CLL,chr12:54477486:A:C,22.0,132,2,2,False,,0.8
CH1001,CLL,chr14:80778904:C:T,51.0,113,2,2,False,,0.8
CH1001,CLL,chr14:92670122:C:T,24.0,92,2,2,False,,0.8
CH1001,CLL,chr11:17522297:G:A,60.0,133,2,2,False,,0.8
CH1001,CLL,chr8:34441932:AT:A,46.0,111,2,2,False,,0.8
CH1001,CLL,chr14:44630634:G:A,47.0,127,2,2,False,,0.8
CH1001,CLL,chr7:20386446:C:A,47.0,116,2,2,False,,0.8
CH1001,CLL,chr11:2462391:G:C,50.0,137,2,2,False,,0.8
CH1001,CLL,chr20:29998817:C:A,47.0,134,2,2,False,,0.8
CH1001,CLL,chr15:87615976:C:G,46.0,114,2,2,False,,0.8
CH1001,CLL,chr18:59001478:G:A,51.0,102,2,2,False,,0.8
CH1001,CLL,chr7:79926563:C:T,36.0,97,2,2,False,,0.8
CH1001,CLL,chr12:66294412:G:A,59.0,133,2,2,False,,0.8
CH1001,CLL,chr1:4919568:G:A,37.0,109,2,2,False,,0.8
CH1001,CLL,chr7:50522069:G:A,47.0,108,2,2,False,,0.8
CH1001,CLL,chr21:19681752:C:T,21.0,90,2,2,False,,0.8
CH1001,CLL,chr1:84236714:G:T,8.0,72,2,2,False,,0.8
CH1001,CLL,chr17:50350423:T:A,56.0,118,2,2,False,,0.8
CH1001,CLL,chr5:57160416:C:A,48.0,112,2,2,False,,0.8
CH1001,CLL,chr2:83974370:G:A,48.0,119,2,2,False,,0.8
CH1001,CLL,chr16:83693002:A:C,13.0,109,2,2,False,,0.8
CH1001,CLL,chr2:129773129:G:A,48.0,112,2,2,False,,0.8
CH1001,CLL,chr20:11449369:C:T,38.0,102,2,2,False,,0.8
CH1001,CLL,chr4:71129512:G:A,44.0,120,2,2,False,,0.8
CH1001,CLL,chr1:21964641:T:A,9.0,52,2,2,False,,0.8
CH1001,CLL,chr21:44110250:A:G,14.0,130,2,2,False,,0.8
CH1001,CLL,chr4:116508172:C:T,41.0,115,2,2,False,,0.8
CH1001,CLL,chr6:9701572:A:G,36.0,92,2,2,False,,0.8
CH1001,CLL,chr13:63722028:G:T,50.0,143,2,2,False,,0.8
CH1001,CLL,chr1:9182040:CT:C,46.0,132,2,2,False,,0.8
CH1001,CLL,chr13:57243578:A:T,35.0,98,2,2,False,,0.8
CH1001,CLL,chr3:10130900:C:T,18.0,89,2,2,False,,0.8
CH1001,CLL,chr16:73632045:C:G,41.0,102,2,2,False,,0.8
CH1001,CLL,chr4:20592675:G:A,49.0,119,2,2,False,,0.8
CH1001,CLL,chr3:58729523:G:A,41.0,111,2,2,False,,0.8
CH1001,CLL,chr4:165433958:A:C,20.0,62,2,2,False,,0.8
CH1001,CLL,chr12:120873907:G:A,19.0,124,2,2,False,,0.8
CH1001,CLL,chr20:19589311:G:T,54.0,128,2,2,False,,0.8
CH1001,CLL,chr6:13231277:A:G,9.0,45,2,2,False,,0.8
CH1001,CLL,chr4:169947974:A:T,21.0,97,2,2,False,,0.8
CH1001,CLL,chr6:82735988:T:C,50.0,107,2,2,False,,0.8
CH1001,CLL,chr12:52632836:C:T,23.0,86,2,2,False,,0.8
CH1001,CLL,chr4:176351036:G:T,34.0,106,2,2,False,,0.8
CH1001,CLL,chr1:237168461:A:G,32.0,94,2,2,False,,0.8
CH1001,CLL,chr7:16645685:G:A,33.0,83,2,2,False,,0.8
CH1001,CLL,chr1:102714625:C:T,50.0,112,2,2,False,,0.8
CH1001,CLL,chr2:214944301:G:T,53.0,110,2,2,False,,0.8
CH1001,CLL,chr8:15582393:A:T,47.0,114,2,2,False,,0.8
CH1001,CLL,chr16:76251320:A:T,49.0,113,2,2,False,,0.8
CH1001,CLL,chr11:66570037:G:A,39.0,95,2,2,False,,0.8
CH1001,CLL,chr1:153307312:G:A,45.0,102,2,2,False,,0.8
CH1001,CLL,chr21:44145816:G:A,45.0,109,2,2,False,,0.8
CH1001,CLL,chr12:30157071:C:A,48.0,133,2,2,False,,0.8
CH1001,CLL,chr6:85769055:TG:T,46.0,123,2,2,False,,0.8
CH1001,CLL,chr4:79103239:C:T,52.0,126,2,2,False,,0.8
CH1001,CLL,chr2:76097426:T:A,38.0,113,2,2,False,,0.8
CH1001,CLL,chr3:26824647:C:T,27.0,80,2,2,False,,0.8
CH1001,CLL,chr5:85374668:G:A,42.0,110,2,2,False,,0.8
CH1001,CLL,chr4:60682435:T:A,43.0,117,2,2,False,,0.8
CH1001,CLL,chr4:73250407:G:A,57.0,106,2,2,False,,0.8
CH1001,CLL,chr8:15081345:C:T,62.0,131,2,2,False,,0.8
CH1001,CLL,chr12:34714718:A:G,44.0,114,2,2,False,,0.8
CH1001,CLL,chr9:11423779:C:A,40.0,99,2,2,False,,0.8
CH1001,CLL,chr6:91565655:T:C,44.0,123,2,2,False,,0.8
CH1001,CLL,chr16:48831532:A:T,52.0,130,2,2,False,,0.8
CH1001,CLL,chr9:107183655:A:G,9.0,87,2,2,False,,0.8
CH1001,CLL,chr5:111310941:C:T,46.0,112,2,2,False,,0.8
CH1001,CLL,chr16:86664523:G:A,48.0,123,2,2,False,,0.8
CH1001,CLL,chr12:79328503:CA:C,50.0,126,2,2,False,,0.8
CH1001,CLL,chr1:211803235:C:T,42.0,103,2,2,False,,0.8
CH1001,CLL,chr3:178519121:AAAAG:A,39.0,107,2,2,False,,0.8
CH1001,CLL,chr2:113558161:T:TTC,34.0,87,2,2,False,,0.8
CH1001,CLL,chr13:108238999:C:T,10.0,89,2,2,False,,0.8
CH1001,CLL,chr8:55482898:T:A,55.0,95,2,2,False,,0.8
CH1001,CLL,chr1:213127242:C:G,42.0,103,2,2,False,,0.8
CH1001,CLL,chr3:120150748:C:T,34.0,91,2,2,False,,0.8
CH1001,CLL,chr16:76828943:G:A,32.0,115,2,2,False,,0.8
CH1001,CLL,chr12:110399793:T:A,47.0,121,2,2,False,,0.8
CH1001,CLL,chr12:52992626:G:A,42.0,105,2,2,False,,0.8
CH1001,CLL,chr9:68384801:C:T,17.0,140,2,2,False,,0.8
CH1001,CLL,chr5:54076232:G:A,55.0,117,2,2,False,,0.8
CH1001,CLL,chr18:66076036:A:T,49.0,121,2,2,False,,0.8
CH1001,CLL,chr5:21692713:A:G,45.0,99,2,2,False,,0.8
CH1001,CLL,chr2:9411641:G:A,45.0,120,2,2,False,,0.8
CH1001,CLL,chr2:81176257:T:A,33.0,114,2,2,False,,0.8
CH1001,CLL,chr1:193343419:A:G,40.0,99,2,2,False,,0.8
CH1001,CLL,chr10:123743391:A:G,48.0,113,2,2,False,,0.8
CH1001,CLL,chr4:6493267:C:T,67.0,125,2,2,False,,0.8
CH1001,CLL,chr9:43640837:C:T,46.0,117,2,2,False,,0.8
CH1001,CLL,chr7:5682266:T:C,34.0,75,2,2,False,,0.8
CH1001,CLL,chr1:72114027:T:G,45.0,114,2,2,False,,0.8
CH1001,CLL,chr4:172083178:A:G,53.00000000000001,137,2,2,False,,0.8
CH1001,CLL,chr12:38263400:G:T,46.0,101,2,2,False,,0.8
CH1001,CLL,chr10:109677868:G:A,49.0,113,2,2,False,,0.8
CH1001,CLL,chr15:45126647:G:A,32.0,73,2,2,False,,0.8
CH1001,CLL,chr19:46987733:TG:T,38.0,111,2,2,False,,0.8
CH1001,CLL,chr4:69548718:C:G,53.0,120,2,2,False,,0.8
CH1001,CLL,chr6:69601795:G:A,48.0,122,2,2,False,,0.8
CH1001,CLL,chr6:44119441:G:C,54.0,122,2,2,False,,0.8
CH1001,CLL,chr12:16535104:G:A,23.0,63,2,2,False,,0.8
CH1001,CLL,chr16:70900601:A:C,46.0,203,2,2,False,,0.8
CH1001,CLL,chr11:119157874:C:T,52.0,114,2,2,False,,0.8
CH1001,CLL,chr4:125089628:A:T,55.0,122,2,2,False,,0.8
CH1001,CLL,chr6:23603267:G:A,50.0,124,2,2,False,,0.8
CH1001,CLL,chr11:1711928:G:T,18.0,74,2,2,False,,0.8
CH1001,CLL,chr16:78324604:G:C,41.0,110,2,2,False,,0.8
CH1001,CLL,chr5:62815741:G:A,19.0,57,2,2,False,,0.8
CH1001,CLL,chr17:40856573:G:A,12.0,75,2,2,False,,0.8
CH1001,CLL,chr4:118724951:C:T,46.0,113,2,2,False,,0.8
CH1001,CLL,chr5:116027840:C:T,49.0,122,2,2,False,,0.8
CH1001,CLL,chr7:112662952:G:A,51.0,127,2,2,False,,0.8
CH1001,CLL,chr9:106553234:T:A,39.0,105,2,2,False,,0.8
CH1001,CLL,chr1:228364025:T:G,63.0,129,2,2,False,,0.8
CH1001,CLL,chr4:19253570:A:G,50.0,121,2,2,False,,0.8
CH1001,CLL,chr6:22131931:G:T,32.0,97,2,2,False,,0.8
CH1001,CLL,chr4:40581140:T:A,6.0,42,2,2,False,,0.8
CH1001,CLL,chr9:109521808:C:T,54.0,127,2,2,False,,0.8
CH1001,CLL,chr2:4422408:A:G,34.0,114,2,2,False,,0.8
CH1001,CLL,chr8:131652262:T:A,10.0,89,2,2,False,,0.8
CH1001,CLL,chr4:28870638:T:C,38.0,111,2,2,False,,0.8
CH1001,CLL,chr20:30488245:C:T,49.0,119,2,2,False,,0.8
CH1001,CLL,chr8:81556021:C:T,36.0,106,2,2,False,,0.8
CH1001,CLL,chr11:32198413:G:A,53.0,129,2,2,False,,0.8
CH1001,CLL,chr2:229933859:T:G,32.0,122,2,2,False,,0.8
CH1001,CLL,chr15:92280915:G:A,40.0,117,2,2,False,,0.8
CH1001,CLL,chr2:38242706:C:A,10.0,64,2,2,False,,0.8
CH1001,CLL,chr10:106318358:C:T,42.0,125,2,2,False,,0.8
CH1001,CLL,chr2:79110972:G:T,46.0,109,2,2,False,,0.8
CH1001,CLL,chr4:101481227:G:A,27.0,66,2,2,False,,0.8
CH1001,CLL,chr7:1980595:C:T,16.0,117,2,2,False,,0.8
CH1001,CLL,chr2:79422257:C:T,43.0,124,2,2,False,,0.8
CH1001,CLL,chr1:193410320:A:C,50.0,109,2,2,False,,0.8
CH1001,CLL,chr19:43843822:G:C,56.0,127,2,2,False,,0.8
CH1001,CLL,chr2:129716037:G:T,58.0,126,2,2,False,,0.8
CH1001,CLL,chr11:99739578:C:T,40.0,100,2,2,False,,0.8
CH1001,CLL,chr21:41556712:G:A,39.0,114,2,2,False,,0.8
CH1001,CLL,chr7:124600200:G:A,46.0,120,2,2,False,,0.8
CH1001,CLL,chr1:238325756:A:G,30.0,119,2,2,False,,0.8
CH1001,CLL,chr4:90278660:G:A,23.0,118,2,2,False,,0.8
CH1001,CLL,chr14:70609907:C:T,53.0,119,2,2,False,,0.8
CH1001,CLL,chr19:12604527:T:A,8.0,54,2,3,False,,0.8
CH1001,CLL,chr15:22431765:G:A,46.0,220,2,2,False,,0.8
CH1001,CLL,chr10:100797870:G:A,28.0,120,2,2,False,,0.8
CH1001,CLL,chr2:155222762:A:T,49.0,108,2,2,False,,0.8
CH1001,CLL,chr1:91665205:G:A,14.0,89,2,2,False,,0.8
CH1001,CLL,chr15:43457930:C:A,9.0,71,2,2,False,,0.8
CH1001,CLL,chr16:7052670:G:A,57.0,134,2,2,False,,0.8
CH1001,CLL,chr8:84535324:C:T,17.0,105,2,2,False,,0.8
CH1001,CLL,chr11:81813398:C:A,45.0,104,2,2,False,,0.8
CH1001,CLL,chr12:11026513:A:C,46.0,122,2,2,False,,0.8
CH1001,CLL,chr5:155013840:CACTT:C,40.0,101,2,2,False,,0.8
CH1001,CLL,chr5:109952211:T:A,51.0,106,2,2,False,,0.8
CH1001,CLL,chr4:62262181:T:G,43.0,104,2,2,False,,0.8
CH1001,CLL,chr20:8420133:C:T,46.0,123,2,2,False,,0.8
CH1001,CLL,chr6:96240985:C:T,61.0,116,2,2,False,,0.8
CH1001,CLL,chr1:216869879:A:G,36.0,98,2,2,False,,0.8
CH1001,CLL,chr15:50004960:G:T,48.0,120,2,2,False,,0.8
CH1001,CLL,chr12:21502704:C:T,45.0,107,2,2,False,,0.8
CH1001,CLL,chr2:75786737:T:C,43.0,96,2,2,False,,0.8
CH1001,CLL,chr13:90337050:A:T,49.0,108,2,2,False,,0.8
CH1001,CLL,chr20:48234338:C:T,31.0,56,2,2,False,,0.8
CH1001,CLL,chr7:15235123:T:A,43.0,113,2,2,False,,0.8
CH1001,CLL,chr9:69701962:C:G,8.0,46,2,2,False,,0.8
CH1001,CLL,chr8:37559272:C:A,38.0,93,2,2,False,,0.8
CH1001,CLL,chr2:222994433:T:C,43.0,111,2,2,False,,0.8
CH1001,CLL,chr18:67566757:C:G,53.0,111,2,2,False,,0.8
CH1001,CLL,chr17:64644449:G:T,59.0,118,2,2,False,,0.8
CH1001,CLL,chr2:200523585:A:T,40.0,119,2,2,False,,0.8
CH1001,CLL,chr1:60816005:C:T,54.0,114,2,2,False,,0.8
CH1001,CLL,chr5:145960274:T:A,11.0,109,2,2,False,,0.8
CH1001,CLL,chr13:88286116:G:A,34.0,112,2,2,False,,0.8
CH1001,CLL,chr4:98407980:G:A,7.000000000000001,50,2,2,False,,0.8
CH1001,CLL,chr10:61905620:C:A,36.0,111,2,2,False,,0.8
CH1001,CLL,chr11:30872176:T:C,35.0,115,2,2,False,,0.8
CH1001,CLL,chr9:86105711:T:A,8.0,79,2,2,False,,0.8
CH1001,CLL,chr12:118131563:C:T,50.0,111,2,2,False,,0.8
CH1001,CLL,chr7:99623369:G:A,41.0,104,2,2,False,,0.8
CH1001,CLL,chr14:106323529:C:T,29.0,96,2,2,False,,0.8
CH1001,CLL,chr7:1980610:C:G,15.0,121,2,2,False,,0.8
CH1001,CLL,chr4:173051556:T:C,41.0,108,2,2,False,,0.8
CH1001,CLL,chr5:141312674:A:T,8.0,63,2,2,False,,0.8
CH1001,CLL,chr13:88526048:G:T,42.0,109,2,2,False,,0.8
CH1001,CLL,chr7:130029274:G:A,11.0,65,2,2,False,,0.8
CH1001,CLL,chr2:138630838:G:A,44.0,116,2,2,False,,0.8
CH1001,CLL,chr20:11016326:C:T,54.0,118,2,2,False,,0.8
CH1001,CLL,chr20:62478614:C:T,17.0,89,2,2,False,,0.8
CH1001,CLL,chr8:7901905:A:G,18.0,80,2,2,False,,0.8
CH1001,CLL,chr1:231435425:C:A,38.0,111,2,2,False,,0.8
CH1001,CLL,chr1:216313454:TTTC:T,57.0,140,2,2,False,,0.8
CH1001,CLL,chr11:39524216:A:T,61.0,120,2,2,False,,0.8
CH1001,CLL,chr18:72611072:T:A,48.0,117,2,2,False,,0.8
CH1001,CLL,chr1:232708464:C:T,7.0,36,2,2,False,,0.8
CH1001,CLL,chr13:41357552:TAA:T,36.0,133,2,2,False,,0.8
CH1001,CLL,chr2:163611747:G:A,44.0,108,2,2,False,,0.8
CH1001,CLL,chr6:147922918:G:A,61.99999999999999,123,2,2,False,,0.8
CH1001,CLL,chr3:129759850:T:C,12.0,57,2,2,False,,0.8
CH1001,CLL,chr13:86494714:T:A,52.0,115,2,2,False,,0.8
CH1001,CLL,chr4:106000826:G:A,36.0,104,2,2,False,,0.8
CH1001,CLL,chr13:101635878:G:T,41.0,108,2,2,False,,0.8
CH1001,CLL,chr8:54451121:G:A,48.0,103,2,2,False,,0.8
CH1001,CLL,chr6:83603954:C:A,51.0,121,2,2,False,,0.8
CH1001,CLL,chr15:58673771:A:AT,29.0,109,2,2,False,,0.8
CH1001,CLL,chr2:71041079:G:A,50.0,105,2,2,False,,0.8
CH1001,CLL,chr20:29568711:C:T,13.0,121,2,2,False,,0.8
CH1001,CLL,chr14:20349108:G:T,48.0,213,2,2,False,,0.8
CH1001,CLL,chr3:19549278:T:G,44.0,111,2,2,False,,0.8
CH1001,CLL,chr3:165982835:G:A,51.0,105,2,2,False,,0.8
CH1001,CLL,chr6:130334007:G:A,40.0,109,2,2,False,,0.8
CH1001,CLL,chr8:14865748:G:A,39.0,95,2,2,False,,0.8
CH1001,CLL,chr1:79254682:T:C,43.0,109,2,2,False,,0.8
CH1001,CLL,chr4:159358644:T:A,45.0,109,2,2,False,,0.8
CH1001,CLL,chr6:99358580:T:C,26.0,68,2,2,False,,0.8
CH1001,CLL,chr13:70201588:G:T,55.0,126,2,2,False,,0.8
CH1001,CLL,chr3:102716370:C:A,51.0,117,2,2,False,,0.8
CH1001,CLL,chr4:103910618:T:C,48.0,119,2,2,False,,0.8
CH1001,CLL,chr8:139437813:C:A,39.0,126,2,2,False,,0.8
CH1001,CLL,chr2:110047029:G:A,36.0,99,2,2,False,,0.8
CH1001,CLL,chr1:197495110:G:A,52.0,128,2,2,False,,0.8
CH1001,CLL,chr1:75680883:GT:G,45.0,97,2,2,False,,0.8
CH1001,CLL,chr18:37661742:T:G,47.0,118,2,2,False,,0.8
CH1001,CLL,chr8:5403069:G:A,53.0,128,2,2,False,,0.8
CH1001,CLL,chr17:21977151:G:A,28.0,95,2,2,False,,0.8
CH1001,CLL,chr3:18175638:T:G,52.0,114,2,2,False,,0.8
CH1001,CLL,chr2:182880796:G:A,45.0,120,2,2,False,,0.8
CH1001,CLL,chr7:122273242:T:C,35.0,96,2,2,False,,0.8
CH1001,CLL,chr19:49751858:A:C,47.0,121,2,2,False,,0.8
CH1001,CLL,chr9:99048984:C:A,9.0,63,2,2,False,,0.8
CH1001,CLL,chr1:227429239:T:A,45.0,113,2,2,False,,0.8
CH1001,CLL,chr7:116460970:C:T,46.0,113,2,2,False,,0.8
CH1001,CLL,chr3:192935043:A:G,50.0,116,2,2,False,,0.8
CH1001,CLL,chr7:67461294:G:A,43.0,93,2,2,False,,0.8
CH1001,CLL,chr11:97685182:T:G,54.0,114,2,2,False,,0.8
CH1001,CLL,chr3:140318207:G:A,31.0,77,2,2,False,,0.8
CH1001,CLL,chr2:140900678:A:C,36.0,114,2,2,False,,0.8
CH1001,CLL,chr13:79601142:A:T,24.0,117,2,2,False,,0.8
CH1001,CLL,chr1:32597115:AAAAATTT:A,32.0,97,2,2,False,,0.8
CH1001,CLL,chr4:72570942:G:T,48.0,122,2,2,False,,0.8
CH1001,CLL,chr11:128333565:G:A,34.0,105,2,2,False,,0.8
CH1001,CLL,chr2:142488690:T:C,59.0,104,2,2,False,,0.8
CH1001,CLL,chr19:57685573:T:C,14.0,79,2,2,False,,0.8
CH1001,CLL,chr11:38642636:G:A,44.0,124,2,2,False,,0.8
CH1001,CLL,chr4:53556529:C:A,13.000000000000002,85,2,2,False,,0.8
CH1001,CLL,chr17:3758754:G:A,41.0,108,2,2,False,,0.8
CH1001,CLL,chr3:81881173:T:C,39.0,88,2,2,False,,0.8
CH1001,CLL,chr18:63991553:G:A,45.0,114,2,2,False,,0.8
CH1001,CLL,chr4:116688865:C:T,38.0,98,2,2,False,,0.8
CH1001,CLL,chr1:14379133:G:A,36.0,90,2,2,False,,0.8
CH1001,CLL,chr7:736335:C:T,41.0,112,2,2,False,,0.8
CH1001,CLL,chr12:21002678:C:T,13.0,110,2,2,False,,0.8
CH1001,CLL,chr6:81062694:A:T,46.0,129,2,2,False,,0.8
CH1001,CLL,chr15:21074537:C:A,18.0,92,2,2,False,,0.8
CH1001,CLL,chr4:94060425:G:T,48.0,116,2,2,False,,0.8
CH1001,CLL,chr2:154727913:T:G,45.0,110,2,2,False,,0.8
CH1001,CLL,chr16:73462349:G:A,51.0,116,2,2,False,,0.8
CH1001,CLL,chr17:70212:G:A,11.0,66,2,2,False,,0.8
CH1001,CLL,chr5:118707162:C:G,41.0,106,2,2,False,,0.8
CH1001,CLL,chr9:91498649:G:T,45.0,108,2,2,False,,0.8
CH1001,CLL,chr2:26459284:G:A,5.999999999999999,47,2,2,False,,0.8
CH1001,CLL,chr13:58228789:G:A,41.0,107,2,2,False,,0.8
CH1001,CLL,chr18:28368489:G:T,57.0,138,2,2,False,,0.8
CH1001,CLL,chr2:206092188:C:T,52.0,123,2,2,False,,0.8
CH1001,CLL,chr3:95156036:C:T,58.0,143,2,2,False,,0.8
CH1001,CLL,chr10:19769459:C:A,49.0,100,2,2,False,,0.8
CH1001,CLL,chr6:89517233:C:G,33.0,93,2,2,False,,0.8
CH1001,CLL,chr18:30033094:C:T,45.99999999999999,86,2,2,False,,0.8
CH1001,CLL,chr3:96017162:G:A,43.0,110,2,2,False,,0.8
CH1001,CLL,chr11:32467088:G:A,41.0,96,2,2,False,,0.8
CH1001,CLL,chr11:39573796:GAGAT:G,48.0,113,2,2,False,,0.8
CH1001,CLL,chr13:42179266:G:A,53.0,106,2,2,False,,0.8
CH1001,CLL,chr14:22443612:C:T,15.0,78,2,2,False,,0.8
CH1001,CLL,chr3:69269224:T:C,30.0,98,2,2,False,,0.8
CH1001,CLL,chr5:34672494:TG:T,42.0,137,2,2,False,,0.8
CH1001,CLL,chr4:106421457:C:T,35.0,74,2,2,False,,0.8
CH1001,CLL,chr1:95765839:T:A,56.0,113,2,2,False,,0.8
CH1001,CLL,chr12:73058030:G:A,48.0,106,2,2,False,,0.8
CH1001,CLL,chr22:27426149:G:A,27.0,80,2,2,False,,0.8
CH1001,CLL,chr1:95976158:A:C,31.0,103,2,2,False,,0.8
CH1001,CLL,chr15:21284119:A:G,16.0,64,2,2,False,,0.8
CH1001,CLL,chr8:89157859:T:C,53.0,111,2,2,False,,0.8
CH1001,CLL,chr16:51073681:T:G,53.0,122,2,2,False,,0.8
CH1001,CLL,chr12:132807108:C:A,28.0,70,2,2,False,,0.8
CH1001,CLL,chr6:89464451:C:A,52.0,129,2,2,False,,0.8
CH1001,CLL,chr20:8181404:G:A,63.0,127,2,2,False,,0.8
CH1001,CLL,chr9:102588407:A:G,38.0,101,2,2,False,,0.8
CH1001,CLL,chr10:5629872:C:T,43.0,114,2,2,False,,0.8
CH1001,CLL,chr14:82296263:G:T,37.0,117,2,2,False,,0.8
CH1001,CLL,chr11:76981902:T:C,34.0,92,2,2,False,,0.8
CH1001,CLL,chr4:115420650:A:T,8.0,74,2,2,False,,0.8
CH1001,CLL,chr4:34989751:A:G,52.0,134,2,2,False,,0.8
CH1001,CLL,chr16:52876578:C:G,50.0,123,2,2,False,,0.8
CH1001,CLL,chr15:64451877:A:G,39.0,107,2,2,False,,0.8
CH1001,CLL,chr15:95839700:A:G,52.0,129,2,2,False,,0.8
CH1001,CLL,chr6:94570045:T:A,43.0,104,2,2,False,,0.8
CH1001,CLL,chr15:101101221:C:T,52.0,118,2,2,False,,0.8
CH1001,CLL,chr3:84886822:T:C,40.0,113,2,2,False,,0.8
CH1001,CLL,chr6:83413187:T:C,42.0,111,2,2,False,,0.8
CH1001,CLL,chr14:71056582:G:T,41.0,119,2,2,False,,0.8
CH1001,CLL,chr14:62017119:T:C,63.0,119,2,2,False,,0.8
CH1001,CLL,chr12:51258752:A:G,39.0,124,2,2,False,,0.8
CH1001,CLL,chr2:137274154:C:T,54.0,118,2,2,False,,0.8
CH1001,CLL,chr5:52392795:G:A,52.0,127,2,2,False,,0.8
CH1001,CLL,chr2:184852158:G:C,49.0,119,2,2,False,,0.8
CH1001,CLL,chr18:1851923:C:A,26.0,70,2,2,False,,0.8
CH1001,CLL,chr1:78912197:G:A,45.0,112,2,2,False,,0.8
CH1001,CLL,chr11:123961481:C:T,42.0,103,2,2,False,,0.8
CH1001,CLL,chr3:178249444:C:T,44.0,110,2,2,False,,0.8
CH1001,CLL,chr11:58518681:A:T,46.0,93,2,2,False,,0.8
CH1001,CLL,chr2:72084259:T:A,58.0,123,2,2,False,,0.8
CH1001,CLL,chr5:45980367:T:C,30.0,95,2,2,False,,0.8
CH1001,CLL,chr2:14379652:G:T,51.0,110,2,2,False,,0.8
CH1001,CLL,chr11:121113622:T:C,47.0,109,2,2,False,,0.8
CH1001,CLL,chr10:110894:T:C,14.0,98,2,2,False,,0.8
CH1001,CLL,chr14:19198619:AG:A,39.0,96,2,2,False,,0.8
CH1001,CLL,chr10:55364911:G:A,51.0,120,2,2,False,,0.8
CH1001,CLL,chr8:118174470:T:G,47.0,116,2,2,False,,0.8
CH1001,CLL,chr3:190939855:G:A,38.0,106,2,2,False,,0.8
CH1001,CLL,chr3:169539548:A:C,40.0,114,2,2,False,,0.8
CH1001,CLL,chr15:36134738:C:G,52.0,128,2,2,False,,0.8
CH1001,CLL,chr7:130519297:A:G,33.0,89,2,2,False,,0.8
CH1001,CLL,chr6:54694352:C:T,39.0,92,2,2,False,,0.8
CH1001,CLL,chr1:47988352:C:A,38.0,109,2,2,False,,0.8
CH1001,CLL,chr7:84631007:T:C,50.0,125,2,2,False,,0.8
CH1001,CLL,chr5:40123893:G:A,15.0,102,2,2,False,,0.8
CH1001,CLL,chr13:107771014:A:T,45.0,103,2,2,False,,0.8
CH1001,CLL,chr3:184482679:T:C,34.0,90,2,2,False,,0.8
CH1001,CLL,chr10:69905588:T:A,39.0,100,2,2,False,,0.8
CH1001,CLL,chr5:76250357:A:T,50.0,133,2,2,False,,0.8
CH1001,CLL,chr2:75976900:C:A,40.0,101,2,2,False,,0.8
CH1001,CLL,chr10:126924625:G:T,50.0,112,2,2,False,,0.8
CH1001,CLL,chr18:59425956:G:A,58.0,132,2,2,False,,0.8
CH1001,CLL,chr5:41436708:C:T,38.0,94,2,2,False,,0.8
CH1001,CLL,chr7:58019188:A:T,50.0,171,2,2,False,,0.8
CH1001,CLL,chr10:66997197:A:T,32.0,87,2,2,False,,0.8
CH1001,CLL,chr13:78418079:T:C,54.0,127,2,2,False,,0.8
CH1001,CLL,chr1:115464269:C:A,9.0,60,2,2,False,,0.8
CH1001,CLL,chr15:39436172:G:T,45.0,106,2,2,False,,0.8
CH1001,CLL,chr7:158293974:G:A,43.0,99,2,2,False,,0.8
CH1001,CLL,chr8:25143621:G:A,48.0,107,2,2,False,,0.8
CH1001,CLL,chr6:137847957:G:A,46.0,97,2,2,False,,0.8
CH1001,CLL,chr11:88662070:G:GTATATATA,13.999999999999998,97,2,2,False,,0.8
CH1001,CLL,chr4:70114005:A:C,53.0,128,2,2,False,,0.8
CH1001,CLL,chr5:127579617:G:A,50.0,117,2,2,False,,0.8
CH1001,CLL,chr3:111640542:G:A,33.0,77,2,2,False,,0.8
CH1001,CLL,chr18:18583305:T:C,23.0,92,2,2,False,,0.8
CH1001,CLL,chr5:169188353:A:T,45.0,119,2,2,False,,0.8
CH1001,CLL,chr13:58151338:G:A,41.0,95,2,2,False,,0.8
CH1001,CLL,chr14:82738843:T:A,45.0,117,2,2,False,,0.8
CH1001,CLL,chr19:2910497:T:C,24.0,30,2,3,False,,0.8
CH1001,CLL,chr18:1962791:A:C,6.0,58,2,2,False,,0.8
CH1001,CLL,chr5:30513909:C:T,51.0,117,2,2,False,,0.8
CH1001,CLL,chr1:142697637:C:T,18.0,143,2,2,False,,0.8
CH1001,CLL,chr12:128739959:C:A,45.0,119,2,2,False,,0.8
CH1001,CLL,chr6:140938317:C:T,48.0,120,2,2,False,,0.8
CH1001,CLL,chr7:154062765:G:A,28.0,85,2,2,False,,0.8
CH1001,CLL,chr1:142671267:T:G,20.0,150,2,2,False,,0.8
CH1001,CLL,chr12:86746211:A:T,41.0,111,2,2,False,,0.8
CH1001,CLL,chr1:120585505:G:A,14.0,98,2,2,False,,0.8
CH1001,CLL,chr7:34131617:C:T,44.0,127,2,2,False,,0.8
CH1001,CLL,chr8:40281149:T:C,57.0,133,2,2,False,,0.8
CH1001,CLL,chr12:87512599:C:G,53.0,113,2,2,False,,0.8
CH1001,CLL,chr7:78748608:G:A,51.0,107,2,2,False,,0.8
CH1001,CLL,chr7:96423461:A:G,33.0,109,2,2,False,,0.8
CH1001,CLL,chr10:81377105:G:T,28.0,111,2,2,False,,0.8
CH1001,CLL,chr8:25116780:C:T,34.0,91,2,2,False,,0.8
CH1001,CLL,chr9:91277028:G:T,46.0,118,2,2,False,,0.8
CH1001,CLL,chr12:71332679:G:A,41.0,106,2,2,False,,0.8
CH1001,CLL,chr3:2508598:C:T,38.0,94,2,2,False,,0.8
CH1001,CLL,chr6:103853271:G:A,42.0,120,2,2,False,,0.8
CH1001,CLL,chr20:51356619:G:A,27.0,121,2,2,False,,0.8
CH1001,CLL,chr3:65113211:CTTA:C,56.0,130,2,2,False,,0.8
CH1001,CLL,chr11:1668901:C:T,21.0,67,2,2,False,,0.8
CH1001,CLL,chr2:36332979:T:C,20.0,62,2,2,False,,0.8
CH1001,CLL,chr5:150953212:T:A,30.0,102,2,2,False,,0.8
CH1001,CLL,chr14:106325088:C:G,33.0,101,2,2,False,,0.8
CH1001,CLL,chr5:148258147:AAATAG:A,48.0,107,2,2,False,,0.8
CH1001,CLL,chr11:102829686:AAAG:A,42.0,122,2,2,False,,0.8
CH1001,CLL,chr1:7733334:C:T,51.0,114,2,2,False,,0.8
CH1001,CLL,chr17:11038583:C:T,51.0,119,2,2,False,,0.8
CH1001,CLL,chr8:108911142:C:T,41.0,117,2,2,False,,0.8
CH1001,CLL,chr21:22923753:C:T,38.0,115,2,2,False,,0.8
CH1001,CLL,chr5:116407411:C:T,41.0,111,2,2,False,,0.8
CH1001,CLL,chr4:65136571:G:A,45.0,115,2,2,False,,0.8
CH1001,CLL,chr2:187679807:A:G,43.0,111,2,2,False,,0.8
CH1001,CLL,chr5:28267749:G:A,9.0,58,2,2,False,,0.8
CH1001,CLL,chr1:14364761:G:A,56.0,132,2,2,False,,0.8
CH1001,CLL,chr8:77264155:A:T,39.0,102,2,2,False,,0.8
CH1001,CLL,chr10:28237708:A:T,7.0,61,2,2,False,,0.8
CH1001,CLL,chr10:58635744:G:A,40.0,115,2,2,False,,0.8
CH1001,CLL,chr3:89352809:A:G,28.0,94,2,2,False,,0.8
CH1001,CLL,chr8:72432014:G:C,39.0,116,2,2,False,,0.8
CH1001,CLL,chr17:71239226:T:G,11.0,77,2,2,False,,0.8
CH1001,CLL,chr2:234493056:G:A,45.0,113,2,2,False,,0.8
CH1001,CLL,chr16:13815951:C:T,45.0,105,2,2,False,,0.8
CH1001,CLL,chr3:173534027:A:G,40.0,116,2,2,False,,0.8
CH1001,CLL,chr8:139534869:C:A,48.0,103,2,2,False,,0.8
CH1001,CLL,chr10:21741094:C:A,7.0,62,2,2,False,,0.8
CH1001,CLL,chr5:41194975:A:T,51.0,135,2,2,False,,0.8
CH1001,CLL,chr1:244649734:A:G,17.0,113,2,2,False,,0.8
CH1001,CLL,chr4:80391704:C:T,41.0,90,2,2,False,,0.8
CH1001,CLL,chr5:97991899:T:C,57.0,129,2,2,False,,0.8
CH1001,CLL,chr12:100394885:G:A,40.0,122,2,2,False,,0.8
CH1001,CLL,chr5:166532931:A:T,16.0,76,2,2,False,,0.8
CH1001,CLL,chr4:72988950:A:T,35.0,87,2,2,False,,0.8
CH1001,CLL,chr2:22477189:AAAT:A,51.0,127,2,2,False,,0.8
CH1001,CLL,chr14:29663961:C:T,41.0,94,2,2,False,,0.8
CH1001,CLL,chr2:39339344:T:C,51.0,125,2,2,False,,0.8
CH1001,CLL,chr3:166352643:T:A,48.0,112,2,2,False,,0.8
CH1001,CLL,chr20:14954065:C:T,18.0,74,2,2,False,,0.8
CH1001,CLL,chr1:87171164:G:T,37.0,115,2,2,False,,0.8
CH1001,CLL,chr17:54112224:C:A,50.0,112,2,2,False,,0.8
CH1001,CLL,chr2:145761727:C:T,53.0,122,2,2,False,,0.8
CH1001,CLL,chr7:157638091:A:T,38.0,117,2,2,False,,0.8
CH1001,CLL,chr21:21205570:G:T,34.0,108,2,2,False,,0.8
CH1001,CLL,chr4:171362254:G:A,46.0,119,2,2,False,,0.8
CH1001,CLL,chr4:59461476:A:T,40.0,104,2,2,False,,0.8
CH1001,CLL,chr22:22977049:G:A,10.0,96,2,2,False,,0.8
CH1001,CLL,chr6:165462657:G:A,48.0,115,2,2,False,,0.8
CH1001,CLL,chr12:22683047:C:T,7.0,35,2,2,False,,0.8
CH1001,CLL,chr10:37037590:G:A,28.0,135,2,2,False,,0.8
CH1001,CLL,chr7:148165302:C:T,40.0,95,2,2,False,,0.8
CH1001,CLL,chr9:110273639:G:A,61.99999999999999,121,2,2,False,,0.8
CH1001,CLL,chr3:26388957:G:A,60.0,142,2,2,False,,0.8
CH1001,CLL,chr15:37282361:T:C,43.0,90,2,2,False,,0.8
CH1001,CLL,chr4:23605310:AAAAC:A,31.0,85,2,2,False,,0.8
CH1001,CLL,chr5:151194940:G:A,66.0,139,2,2,False,,0.8
CH1001,CLL,chr1:80997927:T:G,53.0,108,2,2,False,,0.8
CH1001,CLL,chr6:103370067:A:G,52.0,110,2,2,False,,0.8
CH1001,CLL,chr13:69473797:G:T,10.0,75,2,2,False,,0.8
CH1001,CLL,chr3:72074959:T:C,35.0,89,2,2,False,,0.8
CH1001,CLL,chr18:18834469:G:A,28.000000000000004,100,2,2,False,,0.8
CH1001,CLL,chr8:144728716:C:T,37.0,103,2,2,False,,0.8
CH1001,CLL,chr12:82651439:A:T,33.0,104,2,2,False,,0.8
CH1001,CLL,chr8:130211801:G:A,48.0,134,2,2,False,,0.8
CH1001,CLL,chr7:119131425:CA:C,43.0,100,2,2,False,,0.8
CH1001,CLL,chr8:76318115:C:T,41.0,123,2,2,False,,0.8
CH1001,CLL,chr11:82342683:A:G,8.0,58,2,2,False,,0.8
CH1001,CLL,chr5:162249245:C:T,49.0,109,2,2,False,,0.8
CH1001,CLL,chr14:29661072:C:T,32.0,102,2,2,False,,0.8
CH1001,CLL,chr2:193394762:C:T,30.0,100,2,2,False,,0.8
CH1001,CLL,chr2:30256875:G:C,11.0,92,2,2,False,,0.8
CH1001,CLL,chr9:122656939:C:T,47.0,114,2,2,False,,0.8
CH1001,CLL,chr3:2317622:C:A,10.0,83,2,2,False,,0.8
CH1001,CLL,chr5:91841187:T:TA,42.0,117,2,2,False,,0.8
CH1001,CLL,chr8:7343772:A:T,37.0,218,2,2,False,,0.8
CH1001,CLL,chr17:28617020:A:C,30.0,110,2,2,False,,0.8
CH1001,CLL,chr11:41209342:C:T,41.0,101,2,2,False,,0.8
CH1001,CLL,chr12:20674730:T:A,51.0,110,2,2,False,,0.8
CH1001,CLL,chr20:8807129:C:T,17.0,62,2,2,False,,0.8
CH1001,CLL,chr2:76415568:G:T,49.0,107,2,2,False,,0.8
CH1001,CLL,chr12:58984505:A:AC,54.0,126,2,2,False,,0.8
CH1001,CLL,chr12:23594633:C:A,54.0,112,2,2,False,,0.8
CH1001,CLL,chr9:104544552:T:C,49.0,126,2,2,False,,0.8
CH1001,CLL,chr7:108643614:A:G,53.0,121,2,2,False,,0.8
CH1001,CLL,chr3:117689678:T:A,50.0,114,2,2,False,,0.8
CH1001,CLL,chr16:31179652:G:A,34.0,92,2,2,False,,0.8
CH1001,CLL,chr19:2910542:G:T,30.0,33,2,3,False,,0.8
CH1001,CLL,chr4:115386922:C:A,44.0,91,2,2,False,,0.8
CH1001,CLL,chr2:237024814:T:A,26.0,78,2,2,False,,0.8
CH1001,CLL,chr1:181345496:G:A,50.0,110,2,2,False,,0.8
CH1001,CLL,chr16:74507702:A:T,44.0,99,2,2,False,,0.8
CH1001,CLL,chr2:122783422:G:A,33.0,101,2,2,False,,0.8
CH1001,CLL,chr6:6273759:C:A,55.0,136,2,2,False,,0.8
CH1001,CLL,chr3:83209609:A:G,45.0,120,2,2,False,,0.8
CH1001,CLL,chr6:78621051:T:C,36.0,105,2,2,False,,0.8
CH1001,CLL,chr3:62522924:A:G,50.0,115,2,2,False,,0.8
CH1001,CLL,chr18:4578618:T:C,9.0,68,2,2,False,,0.8
CH1001,CLL,chr1:202653097:T:A,47.0,100,2,2,False,,0.8
CH1001,CLL,chr13:68578744:G:T,31.0,95,2,2,False,,0.8
CH1001,CLL,chr1:196015400:A:C,50.0,121,2,2,False,,0.8
CH1001,CLL,chr6:122376995:G:A,49.0,105,2,2,False,,0.8
CH1001,CLL,chr5:2377008:A:G,40.0,114,2,2,False,,0.8
CH1001,CLL,chr2:140691281:T:C,38.0,104,2,2,False,,0.8
CH1001,CLL,chr5:67558160:G:A,55.0,120,2,2,False,,0.8
CH1001,CLL,chr2:198761885:T:C,14.0,90,2,2,False,,0.8
CH1001,CLL,chr6:76929706:T:A,40.0,99,2,2,False,,0.8
CH1001,CLL,chr1:16860926:C:A,22.0,191,2,2,False,,0.8
CH1001,CLL,chr11:62978083:T:G,42.0,106,2,2,False,,0.8
CH1001,CLL,chr17:72477011:C:T,47.0,108,2,2,False,,0.8
CH1001,CLL,chr5:85495965:C:T,21.0,70,2,2,False,,0.8
CH1001,CLL,chr3:165266803:C:A,47.0,113,2,2,False,,0.8
CH1001,CLL,chr17:55816242:T:A,43.0,108,2,2,False,,0.8
CH1001,CLL,chr12:12461572:A:T,57.0,127,2,2,False,,0.8
CH1001,CLL,chr17:31053740:T:G,34.0,91,2,2,False,,0.8
CH1001,CLL,chr20:61412097:A:G,47.0,117,2,2,False,,0.8
CH1001,CLL,chr5:25038120:C:T,33.0,96,2,2,False,,0.8
CH1001,CLL,chr4:11280471:T:C,15.0,96,2,2,False,,0.8
CH1001,CLL,chr5:74206600:G:A,23.0,69,2,2,False,,0.8
CH1001,CLL,chr17:74844091:C:T,38.0,109,2,2,False,,0.8
CH1001,CLL,chr3:104120686:T:G,47.0,104,2,2,False,,0.8
CH1001,CLL,chr12:88750815:G:C,40.0,102,2,2,False,,0.8
CH1001,CLL,chr17:45661592:A:G,14.0,79,2,2,False,,0.8
CH1001,CLL,chr17:77198257:G:A,21.0,120,2,2,False,,0.8
CH1001,CLL,chr4:3844470:G:A,45.0,107,2,2,False,,0.8
CH1001,CLL,chr10:9801879:G:A,38.0,91,2,2,False,,0.8
CH1001,CLL,chr9:11247085:T:G,50.0,105,2,2,False,,0.8
CH1001,CLL,chr7:108631336:G:A,50.0,105,2,2,False,,0.8
CH1001,CLL,chr3:169461074:T:C,37.0,103,2,2,False,,0.8
CH1001,CLL,chr8:100210577:T:C,51.0,128,2,2,False,,0.8
CH1001,CLL,chr5:97121310:C:T,52.0,121,2,2,False,,0.8
CH1001,CLL,chr10:20442939:A:C,38.0,92,2,2,False,,0.8
CH1001,CLL,chr8:79500144:T:TG,57.0,126,2,2,False,,0.8
CH1001,CLL,chr15:70422399:G:C,10.0,92,2,2,False,,0.8
CH1001,CLL,chr5:86267267:G:A,42.0,97,2,2,False,,0.8
CH1001,CLL,chr2:6556120:A:G,43.0,109,2,2,False,,0.8
CH1001,CLL,chr1:110372691:C:T,31.0,86,2,2,False,,0.8
CH1001,CLL,chr20:29552334:G:A,41.0,152,2,2,False,,0.8
CH1001,CLL,chr4:45833098:T:G,43.0,112,2,2,False,,0.8
CH1001,CLL,chr8:141049118:G:A,43.0,103,2,2,False,,0.8
CH1001,CLL,chr11:92304373:G:C,33.0,100,2,2,False,,0.8
CH1001,CLL,chr7:73200950:A:T,8.0,61,2,2,False,,0.8
CH1001,CLL,chr13:78773140:G:T,44.0,100,2,2,False,,0.8
CH1001,CLL,chr4:33134165:T:A,39.0,102,2,2,False,,0.8
CH1001,CLL,chr6:114888660:A:G,41.0,104,2,2,False,,0.8
CH1001,CLL,chr18:18913064:C:T,31.0,99,2,2,False,,0.8
CH1001,CLL,chr2:153622512:A:T,32.0,110,2,2,False,,0.8
CH1001,CLL,chr10:66969672:C:T,38.0,115,2,2,False,,0.8
CH1001,CLL,chr8:131744191:T:G,9.0,59,2,2,False,,0.8
CH1001,CLL,chr15:61973691:G:A,35.0,103,2,2,False,,0.8
CH1001,CLL,chr18:25168099:C:A,50.0,108,2,2,False,,0.8
CH1001,CLL,chr12:31622280:A:G,13.0,57,2,2,False,,0.8
CH1001,CLL,chr4:137346429:C:G,45.0,115,2,2,False,,0.8
CH1001,CLL,chr8:1390861:T:G,26.0,111,2,2,False,,0.8
CH1001,CLL,chr8:12458757:G:A,19.0,103,2,2,False,,0.8
CH1001,CLL,chr2:137652557:G:T,46.0,109,2,2,False,,0.8
CH1001,CLL,chr3:6429663:C:T,9.0,57,2,2,False,,0.8
CH1001,CLL,chr7:119947090:A:C,45.0,105,2,2,False,,0.8
CH1001,CLL,chr2:13618626:C:T,42.0,116,2,2,False,,0.8
CH1001,CLL,chr21:20727647:A:C,43.0,121,2,2,False,,0.8
CH1001,CLL,chr5:37157368:C:T,51.0,128,2,2,False,,0.8
CH1001,CLL,chr3:178467766:T:C,31.0,99,2,2,False,,0.8
CH1001,CLL,chr7:54680360:G:T,33.0,111,2,2,False,,0.8
CH1001,CLL,chr3:107936910:T:C,47.0,132,2,2,False,,0.8
CH1001,CLL,chr17:71376293:T:C,37.0,112,2,2,False,,0.8
CH1001,CLL,chr11:68970850:G:A,44.0,115,2,2,False,,0.8
CH1001,CLL,chr10:1939053:G:A,16.0,118,2,2,False,,0.8
CH1001,CLL,chr21:43989315:G:A,11.0,109,2,2,False,,0.8
CH1001,CLL,chr9:19044776:G:A,24.0,66,2,2,False,,0.8
CH1001,CLL,chr19:28384816:T:A,39.0,105,2,2,False,,0.8
CH1001,CLL,chr9:134005536:T:G,9.0,44,2,2,False,,0.8
CH1001,CLL,chr9:3513545:T:C,47.0,109,2,2,False,,0.8
CH1001,CLL,chr12:58200739:G:A,49.0,122,2,2,False,,0.8
CH1001,CLL,chr3:108849140:G:A,12.0,77,2,2,False,,0.8
CH1001,CLL,chr8:68427798:G:A,44.0,120,2,2,False,,0.8
CH1001,CLL,chr20:45019717:G:A,48.0,121,2,2,False,,0.8
CH1001,CLL,chr7:91449497:C:A,47.0,112,2,2,False,,0.8
CH1001,CLL,chr4:126471323:A:T,48.0,101,2,2,False,,0.8
CH1001,CLL,chr18:32273119:T:C,44.0,110,2,2,False,,0.8
CH1001,CLL,chr6:128672555:C:T,48.0,117,2,2,False,,0.8
CH1001,CLL,chr4:118550289:C:A,49.0,114,2,2,False,,0.8
CH1001,CLL,chr6:170565728:G:A,46.0,111,2,2,False,,0.8
CH1001,CLL,chr2:9253505:T:C,17.0,122,2,2,False,,0.8
CH1001,CLL,chr19:42137841:C:T,45.0,126,2,2,False,,0.8
CH1001,CLL,chr15:61592302:T:A,42.0,114,2,2,False,,0.8
CH1001,CLL,chr3:49392182:C:T,31.0,106,2,2,False,,0.8
CH1001,CLL,chr6:116920266:G:A,56.0,125,2,2,False,,0.8
CH1001,CLL,chr6:94870350:T:TA,35.0,113,2,2,False,,0.8
CH1001,CLL,chr13:112336783:G:A,40.0,115,2,2,False,,0.8
CH1001,CLL,chr19:47020149:G:A,43.0,124,2,2,False,,0.8
CH1001,CLL,chr12:86962640:C:T,60.0,125,2,2,False,,0.8
CH1001,CLL,chr18:38802786:A:T,44.0,124,2,2,False,,0.8
CH1001,CLL,chr3:8299597:A:G,13.999999999999998,95,2,2,False,,0.8
CH1001,CLL,chr6:86874003:C:T,47.0,104,2,2,False,,0.8
CH1001,CLL,chr15:78145598:G:T,44.0,112,2,2,False,,0.8
CH1001,CLL,chr7:83966871:T:C,39.0,100,2,2,False,,0.8
CH1001,CLL,chr18:75574657:C:T,48.0,123,2,2,False,,0.8
CH1001,CLL,chr4:4995982:C:A,13.0,130,2,2,False,,0.8
CH1001,CLL,chr12:72914145:C:T,42.0,98,2,2,False,,0.8
CH1001,CLL,chr1:89851227:GA:G,24.0,74,2,2,False,,0.8
CH1001,CLL,chr12:90629974:C:A,51.0,117,2,2,False,,0.8
CH1001,CLL,chr5:113393574:C:A,39.0,108,2,2,False,,0.8
CH1001,CLL,chr1:225813104:A:C,55.0,110,2,2,False,,0.8
CH1001,CLL,chr1:116028426:C:T,41.0,128,2,2,False,,0.8
CH1001,CLL,chr2:27231219:AG:A,46.0,116,2,2,False,,0.8
CH1001,CLL,chr6:68460447:A:G,36.0,121,2,2,False,,0.8
CH1001,CLL,chr3:63112065:C:A,44.0,111,2,2,False,,0.8
CH1001,CLL,chr11:102186418:A:G,32.0,88,2,2,False,,0.8
CH1001,CLL,chr3:111862519:A:G,45.0,119,2,2,False,,0.8
CH1001,CLL,chr9:118999722:G:C,53.0,121,2,2,False,,0.8
CH1001,CLL,chr1:188152977:G:A,45.0,117,2,2,False,,0.8
CH1001,CLL,chr11:19282813:T:A,7.000000000000001,50,2,2,False,,0.8
CH1001,CLL,chr11:102046538:G:A,51.0,136,2,2,False,,0.8
CH1001,CLL,chr20:9307957:G:A,26.0,89,2,2,False,,0.8
CH1001,CLL,chr16:8789259:C:T,38.0,108,2,2,False,,0.8
CH1001,CLL,chr14:86842480:A:G,41.0,92,2,2,False,,0.8
CH1001,CLL,chr14:48263311:G:T,36.0,88,2,2,False,,0.8
CH1001,CLL,chr5:4258920:C:T,29.0,79,2,2,False,,0.8
CH1001,CLL,chr2:20712922:C:T,50.0,113,2,2,False,,0.8
CH1001,CLL,chr8:143811543:G:A,38.0,113,2,2,False,,0.8
CH1001,CLL,chr6:114742216:G:T,37.0,133,2,2,False,,0.8
CH1001,CLL,chr3:29405855:T:A,41.0,97,2,2,False,,0.8
CH1001,CLL,chr5:55169346:G:A,49.0,104,2,2,False,,0.8
CH1001,CLL,chr4:117425439:G:A,36.0,101,2,2,False,,0.8
CH1001,CLL,chr20:4996778:G:A,29.0,71,2,2,False,,0.8
CH1001,CLL,chr13:75395574:A:T,49.0,135,2,2,False,,0.8
CH1001,CLL,chr9:26633492:T:A,8.0,33,2,2,False,,0.8
CH1001,CLL,chr3:109149848:C:T,38.0,115,2,2,False,,0.8
CH1001,CLL,chr20:51608109:A:G,12.0,80,2,2,False,,0.8
CH1001,CLL,chr2:218022712:C:T,41.0,112,2,2,False,,0.8
CH1001,CLL,chr7:23968328:T:G,49.0,124,2,2,False,,0.8
CH1001,CLL,chr3:56204626:T:G,7.0,40,2,2,False,,0.8
CH1001,CLL,chr1:240574045:G:A,39.0,107,2,2,False,,0.8
CH1001,CLL,chr10:74036923:T:G,51.0,126,2,2,False,,0.8
CH1001,CLL,chr9:2237291:G:A,56.0,122,2,2,False,,0.8
CH1001,CLL,chr5:98573605:G:A,34.0,98,2,2,False,,0.8
CH1001,CLL,chr7:157344615:T:C,16.0,89,2,2,False,,0.8
CH1001,CLL,chr7:101281573:C:T,45.0,113,2,2,False,,0.8
CH1001,CLL,chr8:137023883:C:A,47.0,110,2,2,False,,0.8
CH1001,CLL,chr8:20571806:G:A,58.0,139,2,2,False,,0.8
CH1001,CLL,chr13:105768825:C:T,41.0,113,2,2,False,,0.8
CH1001,CLL,chr4:88721793:G:A,55.0,110,2,2,False,,0.8
CH1001,CLL,chr6:65593085:A:C,44.0,117,2,2,False,,0.8
CH1001,CLL,chr13:38428213:G:A,42.0,104,2,2,False,,0.8
CH1001,CLL,chr2:71648199:T:C,37.0,113,2,2,False,,0.8
CH1001,CLL,chr1:48794265:G:A,44.0,103,2,2,False,,0.8
CH1001,CLL,chr16:32472845:G:A,21.0,174,2,2,False,,0.8
CH1001,CLL,chr8:136412002:G:A,54.0,113,2,2,False,,0.8
CH1001,CLL,chr2:15035498:G:T,41.0,97,2,2,False,,0.8
CH1001,CLL,chr3:106991408:C:T,38.0,101,2,2,False,,0.8
CH1001,CLL,chr21:44813346:A:G,51.0,107,2,2,False,,0.8
CH1001,CLL,chr3:34146182:C:T,40.0,113,2,2,False,,0.8
CH1001,CLL,chr2:115594977:G:A,49.0,118,2,2,False,,0.8
CH1001,CLL,chr5:28854015:T:G,56.0,124,2,2,False,,0.8
CH1001,CLL,chr8:40984771:C:T,51.0,130,2,2,False,,0.8
CH1001,CLL,chr18:28826307:C:G,39.0,98,2,2,False,,0.8
CH1001,CLL,chr6:103310007:C:T,48.0,131,2,2,False,,0.8
CH1001,CLL,chr11:25808759:G:T,41.0,102,2,2,False,,0.8
CH1001,CLL,chr3:95885520:C:A,34.0,111,2,2,False,,0.8
CH1001,CLL,chr15:69969950:G:A,47.00000000000001,91,2,2,False,,0.8
CH1001,CLL,chr13:28565207:T:G,9.0,78,2,2,False,,0.8
CH1001,CLL,chr10:62359151:G:A,40.0,129,2,2,False,,0.8
CH1001,CLL,chr4:135100797:C:A,35.0,94,2,2,False,,0.8
CH1001,CLL,chr21:14537055:A:G,13.0,130,2,2,False,,0.8
CH1001,CLL,chr4:6514056:G:T,8.0,45,2,2,False,,0.8
CH1001,CLL,chr4:177446462:G:A,44.0,99,2,2,False,,0.8
CH1001,CLL,chr3:174409109:G:A,32.0,87,2,2,False,,0.8
CH1001,CLL,chr9:132520406:T:G,39.0,97,2,2,False,,0.8
CH1001,CLL,chr13:88141649:C:T,37.0,117,2,2,False,,0.8
CH1001,CLL,chr19:24185267:C:T,45.0,117,2,2,False,,0.8
CH1001,CLL,chr11:90849824:A:T,11.0,96,2,2,False,,0.8
CH1001,CLL,chr8:12454838:C:G,33.0,178,2,2,False,,0.8
CH1001,CLL,chr7:122330448:C:T,49.0,117,2,2,False,,0.8
CH1001,CLL,chr11:24377015:C:T,50.0,125,2,2,False,,0.8
CH1001,CLL,chr2:4031807:T:C,39.0,98,2,2,False,,0.8
CH1001,CLL,chr10:56947159:G:A,45.0,101,2,2,False,,0.8
CH1001,CLL,chr4:32850456:AT:A,54.99999999999999,107,2,2,False,,0.8
CH1001,CLL,chr3:84948492:G:T,26.0,76,2,2,False,,0.8
CH1001,CLL,chr5:17517537:T:C,45.0,104,2,2,False,,0.8
CH1001,CLL,chr13:107207931:G:GT,35.0,99,2,2,False,,0.8
CH1001,CLL,chr9:130645370:T:C,49.0,102,2,2,False,,0.8
CH1001,CLL,chr12:89425253:C:T,40.0,128,2,2,False,,0.8
CH1001,CLL,chr8:64548838:C:T,45.0,116,2,2,False,,0.8
CH1001,CLL,chr1:109424863:G:A,48.0,122,2,2,False,,0.8
CH1001,CLL,chr9:12595086:A:G,9.0,84,2,2,False,,0.8
CH1001,CLL,chr7:73840797:G:A,33.0,77,2,2,False,,0.8
CH1001,CLL,chr6:39758401:C:T,19.0,85,2,2,False,,0.8
CH1001,CLL,chr19:31674120:C:T,12.0,95,2,2,False,,0.8
CH1001,CLL,chr22:28422650:A:G,59.00000000000001,115,2,2,False,,0.8
CH1001,CLL,chr8:114548474:T:A,30.0,90,2,2,False,,0.8
CH1001,CLL,chr12:103570514:T:C,42.0,111,2,2,False,,0.8
CH1001,CLL,chr12:10861736:A:T,46.0,107,2,2,False,,0.8
CH1001,CLL,chr13:84946231:C:A,51.0,123,2,2,False,,0.8
CH1001,CLL,chr14:22513067:G:A,48.0,107,2,2,False,,0.8
CH1001,CLL,chr1:231842268:G:T,53.0,132,2,2,False,,0.8
CH1001,CLL,chr15:26986200:T:A,13.0,56,2,2,False,,0.8
CH1001,CLL,chr13:56024624:G:A,35.0,88,2,2,False,,0.8
CH1001,CLL,chr6:129361098:T:C,13.0,118,2,2,False,,0.8
CH1001,CLL,chr3:2018099:G:C,42.0,117,2,2,False,,0.8
CH1001,CLL,chr11:93351591:T:G,34.0,99,2,2,False,,0.8
CH1001,CLL,chr6:55152563:A:T,45.0,108,2,2,False,,0.8
CH1001,CLL,chr15:71550454:T:A,28.000000000000004,102,2,2,False,,0.8
CH1001,CLL,chr5:91411736:AT:A,56.0,151,2,2,False,,0.8
